,theta,phi,dtheta,dphi,position_x,position_y,position_z,timestep
0,1.5707963267948966,0.0,0.0,0.7853981633974483,0.5,0.0,-3.061616997868383e-17,0.0
1,1.5698218716680072,0.007853983079454263,-0.1961980048081358,0.7853989025313498,0.49998434143336046,0.003926949302630051,-0.000487227486335832,0.0
2,1.566885487829006,0.015708010573438937,-0.3923834300879307,0.7854101224397907,0.4999344926805461,0.007853622246108012,-0.001955414498369331,0.01
3,1.5619873723194282,0.02356230680932552,-0.5885413628967467,0.7854589308174401,0.499841816936272,0.0117796062704478,-0.004404420275086783,0.02
4,1.5551278918766993,0.03141745730049896,-0.7846523677594889,0.785590581032839,0.49969191272063407,0.015704216655031494,-0.007833896913161229,0.03
5,1.54630763947265,0.039274590361216034,-0.9806902071364918,0.7858685127641143,0.4994646253521726,0.01962636077611766,-0.01224311988422686,0.04
6,1.5355275137020907,0.04713555946947246,-1.176619550497321,0.7863744702764086,0.4991340678810192,0.02354440280144212,-0.01763075089919711,0.05
7,1.522788821143694,0.05500312744603121,-1.372393670623476,0.7872087601179835,0.4986686563424579,0.027456029222153126,-0.023994533564125405,0.06
8,1.508093401819768,0.06288115422687202,-1.5679521277246569,0.7884907285702798,0.49803116554711896,0.031358115839619935,-0.031330922660642135,0.07
9,1.491443777864547,0.07077479090748857,-1.7632184442386274,0.7903595592173075,0.4971788129377707,0.03524659709402068,-0.039634648466726194,0.08
10,1.4728433254696884,0.07869068385120875,-1.9580977756676357,0.7929755137604761,0.4960633792874493,0.03911633894029273,-0.04889821835020491,0.09
11,1.452296470109596,0.08663719401607538,-2.152474585315275,0.7965217665702098,0.49463137615263686,0.04296101684056726,-0.059111358953869174,0.1
12,1.429808904958805,0.09462463832441208,-2.3462103330981825,0.8012070181240536,0.49282427098016285,0.046773000843876644,-0.07026040367753172,0.11
13,1.4053878323024074,0.10266556196672048,-2.5391411904067467,0.8072691182283211,0.4905787815371723,0.05054325015408737,-0.08232763187025774,0.12
14,1.3790422276154164,0.11077505313292199,-2.731075793851644,0.8149799921040972,0.48782725181727116,0.05426122003247591,-0.09529056818487315,0.13
15,1.3507831258604337,0.11897111499898268,-2.9217930500642093,0.8246522486266971,0.48449812168877465,0.05791478432479432,-0.10912125291006261,0.14
16,1.3206239294439133,0.12727511415670584,-3.111040000680604,0.8366479711491124,0.4805165021992164,0.06149017732207389,-0.12378549675600287,0.15
17,1.2885807372092297,0.135712330482299,-3.298529750033251,0.8513903633509459,0.4758048675342382,0.06497195903287098,-0.13924213647512382,0.16
18,1.2546726938734358,0.14431264131358928,-3.4839394461559263,0.869379169121623,0.47028387304807545,0.06834300823032471,-0.15544231076811563,0.17
19,1.2189223594988634,0.15311138365743365,-3.6669082859076108,0.8912111424425742,0.46387330644260816,0.0715845478039306,-0.1723287790408466,0.18
20,1.181356099027579,0.16215045333567474,-3.847035483457943,0.917607365746446,0.4564931759932506,0.07467620695345543,-0.1898353085878382,0.19
21,1.1420044927410413,0.17147972155207358,-4.0238780920928905,0.9494499897700205,0.44806493564992017,0.0775961245690863,-0.20788615849279565,0.2
22,1.1009027699593061,0.18115888047518125,-4.196948492915773,0.9878321325073172,0.43851284186590905,0.08032109770618054,-0.22639569073186533,0.21
23,1.0580912707038004,0.1912598750065646,-4.365711245427658,1.034126454099724,0.4277654311648869,0.08282677834659409,-0.24526814038729639,0.22
24,1.013615943950191,0.2018701457788988,-4.529578809213054,1.0900806913286474,0.41575710085006035,0.08508792060999232,-0.26439757725633645,0.23
25,0.967528897356485,0.2130970113407797,-4.687905350704949,1.1579528228320666,0.40242976807060843,0.08707867921687827,-0.2836680901978232,0.24
26,0.919889023392324,0.22507367659037628,-4.839977370496342,1.2407056444022366,0.3877345749553318,0.08877295830357242,-0.3029542230407763,0.25
27,0.8707627430428561,0.23796760580839837,-4.9849990926105505,1.3422923244186047,0.3716336000579704,0.0901448076581153,-0.3221216865723789,0.26
28,0.8202249349574725,0.2519924049551031,-5.122069202868417,1.4680845796223645,0.35410152937534906,0.0911688611121652,-0.34102836488707144,0.27
29,0.7683601627285299,0.26742503213486346,-5.250143141220166,1.6255302606431024,0.3351272342177973,0.09182080922729359,-0.3595256261775711,0.28
30,0.7152643902656368,0.28463130654159935,-5.367970815269872,1.825190652708022,0.31471519881198134,0.09207789559467848,-0.37745993797963584,0.29
31,0.6610475128590557,0.3041047160642818,-5.473991395649727,2.0824266018182493,0.29288673832569845,0.09191942303728601,-0.39467477520285776,0.3
32,0.6058372859999586,0.32652723087242724,-5.566150650819031,2.4202333856760956,0.2696809486925126,0.09132725269095128,-0.41101279642880895,0.31
33,0.5497857252773117,0.3528678705091658,-5.6415727262209066,2.8741915923995904,0.24515533394178346,0.09028627507676415,-0.4263182505742107,0.32
34,0.49308004682015666,0.3845487281915729,-5.695944987390735,3.5014903884641617,0.2193860657353076,0.08878482718296665,-0.4404395629632674,0.33
35,0.4359623537068788,0.4237371261257263,-5.722304668324339,4.39816968704488,0.1924678452801438,0.08681502179077691,-0.4532320382813704,0.34
36,0.37876715043987036,0.47388557780989177,-5.7084957838591714,5.733774619177276,0.16451336357969723,0.0843729421899281,-0.4645606094256264,0.35000000000000003
37,0.32199769254671207,0.5407836434129554,-5.631452732177097,7.824429894074575,0.1356524004964279,0.0814586347541533,-0.4743025585673623,0.36
38,0.2664934021191274,0.6347085022479838,-5.443357136995087,11.290854678699603,0.10603067838401072,0.07807581799572684,-0.4823501444860617,0.37
39,0.21382601602921436,0.7748861409495532,-5.036108775929389,17.373578807697417,0.0758086408945164,0.07423135894971665,-0.488613093678633,0.38
40,0.16727680754541832,0.9974284309464537,-4.154505206898633,28.186968713377972,0.045159562830427935,0.06993562928442965,-0.49302091400016235,0.39
41,0.13389815725367638,1.3555056722915448,-2.2992697847282697,43.800891027042084,0.014259725125718329,0.06520825673620825,-0.4955245135134726,0.4
42,0.12507163389300135,1.8425332064415887,0.6565606651105794,50.15397805346204,-0.01674119852911435,0.06008420281673215,-0.4960943668735683,0.41000000000000003
43,0.1454944624384644,2.2886665303820704,3.2474055212400965,37.11174666939332,-0.04768317041509527,0.054600710104755444,-0.4947171694162448,0.42
44,0.18568771279998114,2.584431262307429,4.627272702271406,22.858857983829147,-0.07835003907207283,0.048812245217112436,-0.49140475790764293,0.43
45,0.23551542282506246,2.766305516129534,5.260817429368638,14.293682068820337,-0.1085520083234826,0.04276495820182271,-0.48619709978457804,0.44
46,0.2897603253657194,2.8833048879732397,5.552854675195586,9.525390636550313,-0.13812238706882982,0.0364904111450654,-0.4791561917421838,0.45
47,0.3460295784672976,2.963628184232874,5.683102146857687,6.755897896925871,-0.16690432782449818,0.03002064278790693,-0.47036337693325286,0.46
48,0.4031349658036928,3.0220593767426074,5.727633064300737,5.0473884210433235,-0.1947522974619282,0.023390891162231933,-0.4599178283606075,0.47000000000000003
49,0.4604124834230046,3.0666288591910984,5.721088867947548,3.933509778255721,-0.2215349116369861,0.016638275905207934,-0.4479346500337911,0.48
50,0.5174464618579758,3.1019578438741746,5.680748684561005,3.1727775335085,-0.24713701230707744,0.009800360848888781,-0.4345425756760355,0.49
51,0.573950074238778,3.130858356896802,5.616022956852229,2.6329807286873876,-0.27146106042276463,0.0029140554881682424,-0.4198814129665185,0.5
52,0.6297093353835396,3.1551272838006104,5.5324755986430185,2.2377349341266686,-0.29442796439557406,-0.003985216970393792,-0.4040993588556872,0.51
53,0.6845548909442113,3.175961835996989,5.433660868045717,1.9407445182400938,-0.31597740937705543,-0.01086416328695266,-0.3873502894273337,0.52
54,0.738346884501084,3.19418860349431,5.32202056598841,1.712756536435619,-0.33606773432574716,-0.017692118831567086,-0.3697911124897524,0.53
55,0.7909663806476287,3.2103959684557584,5.199348081012448,1.5346075206023142,-0.35467540422287186,-0.024441423409104594,-0.35157925772303367,0.54
56,0.8423102540158267,3.2250139259123816,5.067040105320024,1.3933435863776737,-0.3717941303354491,-0.031087687071149263,-0.3328703656991312,0.55
57,0.892287992706851,3.238363999097621,4.926238598071435,1.2799648022030672,-0.3874336967560858,-0.03760995539033726,-0.313816223088371,0.56
58,0.9408195974228651,3.2506914732394363,4.77791340429885,1.1880652199721704,-0.4016185546534728,-0.04399078311386275,-0.2945629772376097,0.5700000000000001
59,0.9878341258629402,3.2621868071197593,4.622911560571969,1.1129859963356685,-0.4143862462289807,-0.05021622562304951,-0.2752496496281686,0.58
60,1.0332686259175112,3.2730002141665557,4.461987327163043,1.0512726509487882,-0.4257857183839847,-0.056275758364256384,-0.25600695506325966,0.59
61,1.0770673076459856,3.283251812996031,4.295820811046384,1.0003182021184271,-0.43587558193366976,-0.06216213498449211,-0.23695642225555852,0.6
62,1.1191808645548624,3.293038833039519,4.125029730456113,0.9581230702052573,-0.4447223663564661,-0.06787119513570959,-0.21820980210145366,0.61
63,1.1595658901702266,3.3024408194170682,3.9501770268334706,0.9231301781201239,-0.4523988130818552,-0.07340163276217912,-0.1998687425036112,0.62
64,1.1981843572109951,3.3115234515481475,3.771775968175613,0.8941095823469423,-0.45898224271219645,-0.07875473518047323,-0.18202470316288358,0.63
65,1.2350031397172796,3.320341384191731,3.5902937583029946,0.8700764084665538,-0.46455302381014063,-0.08393410246166465,-0.16475908021353394,0.64
66,1.2699935665770434,3.3289403881935202,3.40615428354693,0.8502316107026654,-0.4691931633489132,-0.0889453556056238,-0.14814350874347873,0.65
67,1.3031309999341107,3.337358982554236,3.2197403901240147,0.8339186521949369,-0.4729850319180231,-0.09379584083622099,-0.13224031088640478,0.66
68,1.334394435087915,3.3456296925295352,3.031395934663506,0.8205914764565632,-0.4760102305137478,-0.09849433611697551,-0.11710305802635956,0.67
69,1.3637661204047196,3.3537800300112672,2.8414277537230803,0.8097906131824529,-0.4783486003523036,-0.1030507647528316,-0.10277721744067936,0.68
70,1.3912311968864048,3.361833266020177,2.6501076358462905,0.8011252318213612,-0.48007737268277295,-0.10747591975697628,-0.08930085615713847,0.6900000000000001
71,1.416777357664634,3.369809046710813,2.4576743396604774,0.7942596053814329,-0.48127045204713986,-0.11178120156086653,-0.07670537767295453,0.7000000000000001
72,1.4403945279871007,3.3777238912398193,2.2643356760894386,0.7889028870626128,-0.48199782379202477,-0.11597837065799177,-0.06501627026575481,0.71
73,1.462074566358894,3.385591600467928,2.070270657083581,0.7848014043427495,-0.48232507480541303,-0.1200793159135638,-0.054253848745349616,0.72
74,1.481810987476278,3.393423598615452,1.8756317041523336,0.7817328846077174,-0.48231301533691995,-0.12409583855062066,-0.04443397451304971,0.73
75,1.4995987074966919,3.4012292249032674,1.680546905276207,0.7795021730838315,-0.4820173892577534,-0.12803945123814303,-0.03556874161078238,0.74
76,1.515433812063843,3.409015988363378,1.4851223070181516,0.7779381075248561,-0.4814886601210592,-0.13192119125380009,-0.027667118986361462,0.75
77,1.5293133473745493,3.4167897960360984,1.2894442288330532,0.7768912882558741,-0.48077186079416623,-0.13575144636431002,-0.020735541432832467,0.76
78,1.5412351344501873,3.4245551624384167,1.0935815879781685,0.7762325360371217,-0.4799064951596193,-0.13953979184993665,-0.014778443561033647,0.77
79,1.5511976066697364,3.432315406320894,0.8975882255486971,0.7758518702576467,-0.4789264813415618,-0.14329483698499063,-0.00979873273620617,0.78
80,1.5591996705387394,3.440072839214818,0.7015052266350321,0.7756578707818667,-0.4778601270403148,-0.1470240792626619,-0.0057981981667369325,0.79
81,1.5652405896112163,3.4478289490317535,0.5053632301538176,0.7755773116045919,-0.476730128795987,-0.1507337647099727,-0.0027778543014803985,0.8
82,1.5693198914493427,3.4555845809665997,0.3091847263462084,0.7755549756149777,-0.47555358830882344,-0.15442875276860096,-0.0007382174045749643,0.81
83,1.571437297496767,3.4633401171439604,0.11298634211641849,0.7755535788056149,-0.474342040287922,-0.15811238441262365,0.0003204853289902926,0.8200000000000001
84,1.5715926757524625,3.471095655820906,-0.0832188838069401,0.775553750225236,-0.47310148765841065,-0.16178635242972952,0.0003981744366977955,0.8300000000000001
85,1.5697860161590358,3.4788511905092743,-0.27941923254438567,0.7755540314855786,-0.4718324413154495,-0.1654505731041586,-0.0005051552319927577,0.84
86,1.566017428657473,3.486606789105194,-0.4756020393754809,0.7755708770152291,-0.4705299629624959,-0.1691030589052846,-0.0023894399737353278,0.85
87,1.560287163904404,3.494362773011683,-0.671751426166496,0.7756386536235892,-0.4691837109061613,-0.1727397922037832,-0.005254484724257778,0.86
88,1.5525956566923955,3.5021198963120646,-0.8678460276247723,0.7758096553091153,-0.4677779899977083,-0.17635460050684745,-0.009099832623412546,0.87
89,1.5429435921533947,3.5098795252976456,-1.0638567078557744,0.7761541666223335,-0.46629180820900695,-0.17993903422395627,-0.013924566769726957,0.88
90,1.5313319948547024,3.517643819072705,-1.2597442649766648,0.7767606253692249,-0.46469894360419356,-0.18348224854345704,-0.019727044446231638,0.89
91,1.5177623409110663,3.5254159125560407,-1.4554571232786186,0.777735953294058,-0.46296802670943177,-0.18697089161471556,-0.02650456439131211,0.9
92,1.5022366932312803,3.533200103976757,-1.6509290145544853,0.7792061421780266,-0.4610626444791413,-0.190389001885007,-0.03425296815068417,0.91
93,1.4847578599897302,3.5410020499372306,-1.8460766526155181,0.7813172034893969,-0.4589414731879087,-0.1937179181262471,-0.042966177220515225,0.92
94,1.4653295763605152,3.5488289723134083,-2.040797407571013,0.7842366137993926,-0.4565584486150884,-0.19693620639072443,-0.05263566861562349,0.93
95,1.4439567094733896,3.556689882726109,-2.234966988950152,0.7881554177945981,-0.4538629827962064,-0.20001960883920708,-0.06324989270458162,0.9400000000000001
96,1.4206454864487155,3.56459583211655,-2.4284371489523036,0.7932911889416632,-0.45080023734380936,-0.20294102006474313,-0.07479363867232736,0.9500000000000001
97,1.3954037452472214,3.5725601952007118,-2.6210334186739126,0.7998920990184565,-0.4473114638318753,-0.20567049715962235,-0.08724735481777471,0.96
98,1.3682412079385764,3.5805990024191803,-2.8125528905979973,0.8082424179231845,-0.44333442192329864,-0.2081753103029482,-0.1005864330722877,0.97
99,1.3391697758647747,3.5887313356718686,-3.002762059275596,0.8186698631165968,-0.43880388572163803,-0.21042004103529774,-0.11478046962046813,0.98
100,1.308203846072684,3.596979808967229,-3.191394728026253,0.8315553563422065,-0.43365224816194325,-0.2123667355817571,-0.129792516280564,0.99
101,1.2753606483484352,3.6053711616124153,-3.37814998126819,0.8473459424470947,-0.4278102320344355,-0.21397512052549864,-0.14557834029394875,1.0
102,1.240660602255328,3.6139370004417226,-3.5626902077580827,0.8665719089585676,-0.4212077143755767,-0.2152028877575259,-0.16208571328566965,1.01
103,1.2041276938312193,3.6227147398870394,-3.744639136597536,0.8898695578839891,-0.41377466839056104,-0.2160060548698141,-0.17925375326017612,1.02
104,1.1657898721529956,3.6317488060277,-3.923579810829655,0.9180116886576242,-0.40544222373592737,-0.21633940595801562,-0.1970123464197083,1.03
105,1.1256794669927952,3.6410921955393842,-4.099052365791691,0.9519487569897702,-0.39614384186724927,-0.21615701610419616,-0.21528167813259463,1.04
106,1.0838336305304574,3.6508085164382282,-4.270551389972018,0.9928650455276633,-0.38581659826275266,-0.21541286058333675,-0.23397190429678005,1.05
107,1.040294808949315,3.6609746905867264,-4.437522506813641,1.0422562927468835,-0.37440255774050385,-0.21406150706621863,-0.2529829953769777,1.06
108,0.995111254363887,3.6716845775661997,-4.599357596436637,1.1020385357124711,-0.3618502229302693,-0.21205888579264173,-0.272204785265979,1.07
109,0.9483375949442301,3.6830539012664563,-4.755387724689295,1.1747032179356083,-0.34811602945023296,-0.20936312891724654,-0.2915172555609444,1.08
110,0.9000354930442241,3.6952270504743625,-4.904872271678828,1.263542279665899,-0.3331658547610535,-0.20593546608262508,-0.3107910826112432,1.09
111,0.8502744405893742,3.708386627723354,-5.046981786536168,1.3729814828807012,-0.31697650139214056,-0.20174115889281855,-0.32988846959810647,1.1
112,0.7991327732191493,3.7227671160047993,-5.180770427431859,1.5090852694422714,-0.29953710969857866,-0.19675045252840961,-0.348664278846124,1.11
113,0.7466990394024848,3.73867486507008,-5.305130869585178,1.6803409142530104,-0.28085045101775785,-0.19093951847660265,-0.3669674705570578,1.12
114,0.6930739563828828,3.756518039711329,-5.418719056629295,1.8989113038128693,-0.2609340496130102,-0.18429135846883982,-0.38464284335765914,1.1300000000000001
115,0.638373357822045,3.7768527514856047,-5.519825560826215,2.182700826926092,-0.23982108173271488,-0.17679663641546856,-0.4015330597954882,1.1400000000000001
116,0.5827328637703547,3.8004563872790866,-5.606148938444458,2.5588859822128702,-0.21756100318357427,-0.16845440249148094,-0.41748092672000586,1.1500000000000001
117,0.5263156457348034,3.828448425589106,-5.6743811635006836,3.0701971475042735,-0.19421986394370402,-0.15927267143175086,-0.4323318870782985,1.16
118,0.4693259933808915,3.862497821046433,-5.719413651437671,3.7866120531921195,-0.1698802810355198,-0.14926881500940326,-0.44593666700662926,1.17
119,0.4120343291401216,3.9051959588161944,-5.73272988167408,4.828235133588373,-0.14464106211883596,-0.13846972546491504,-0.45815401152757146,1.18
120,0.3548262419952236,3.9607630612162796,-5.698930808791777,6.412456206537021,-0.11861650833946578,-0.12691170096299656,-0.46885343563637494,1.19
121,0.2983056339215114,4.036460464290229,-5.587644167098238,8.95566310158276,-0.09193548705367155,-0.11463999916905777,-0.4779179184867655,1.2
122,0.2435294564434005,4.145539744253411,-5.333220485771674,13.293850402226127,-0.06474044906285849,-0.10170803912154217,-0.48524648276230736,1.21
123,0.19258235521407327,4.3132939623842255,-4.7817383745672695,21.07771104892952,-0.037186412637518075,-0.08817653041325833,-0.49075663031632283,1.22
124,0.1499867188402597,4.5857358985898875,-3.57412307793229,34.5380701600407,-0.00943729050217354,-0.07411406908702908,-0.4943865312802733,1.23
125,0.1250495018612264,5.011139966254074,-1.1766695124212838,49.53882232121182,0.018354782397469543,-0.059599593807210305,-0.4960957471911618,1.24
126,0.1287544050779136,5.512719104491643,1.8940165849466521,46.73801063487447,0.04606865061265787,-0.044713001790946005,-0.49586129804772194,1.25
127,0.159182051814863,5.901029097461994,3.9806997874454795,30.63933744432971,0.07353806068110533,-0.02955605490768433,-0.4936786335760907,1.26
128,0.2045922652897174,6.142442840867826,4.977258497788896,18.627011176988518,0.10057952250817687,-0.014250024807690756,-0.48957195226545336,1.27
129,0.256900878419004,6.29194884996537,5.429289202962564,11.897437389847465,0.12703730267083943,0.001113325338503037,-0.48359102993832315,1.28
130,0.31235565624616807,6.390474912993026,5.635735598761501,8.127490313849687,0.15276708674564407,0.016453501430848644,-0.4758061574821347,1.29
131,0.36920995058858874,6.459729993743305,5.721288990840209,5.890167232528924,0.1776346938248573,0.03169038980495515,-0.46630637433318367,1.3
132,0.42655688193727953,6.511118725982833,5.739659568516105,4.479459116625855,0.20151874837461678,0.04674520294560623,-0.4551978471556099,1.31
133,0.4838649073787906,6.55095803078943,5.71613436632217,3.5421084150105044,0.22431260510847736,0.061542795368058824,-0.44260178437025477,1.32
134,0.5407865653519403,6.582961750843087,5.663772347562488,2.8917112002592984,0.24592561601682725,0.0760134728691244,-0.42865200726127356,1.33
135,0.5970732536625236,6.6094343552447725,5.5899284451931015,2.4241156852819943,0.26628390856456713,0.09009428451266818,-0.413492321497906,1.34
136,0.652534152051449,6.63187363964506,5.499094854716201,2.078003268538299,0.2853307327597208,0.10372992313130598,-0.39727380481221536,1.35
137,0.7070150045604008,6.651292233928937,5.394233077106342,1.815582903461574,0.30302640733766045,0.11687331381618189,-0.3801521076801424,1.36
138,0.7603864840365866,6.66839814069417,5.277439591892616,1.612623393897599,0.31934789774159755,0.12948593691871146,-0.3622848497360959,1.37
139,0.8125374638493975,6.683700848971938,5.150296830442753,1.4530465681232896,0.33428806712291376,0.14153791804853844,-0.3438291813294961,1.3800000000000001
140,0.863370930190566,6.697576249731191,5.014066568261832,1.3258613383079265,0.34785464926702636,0.15300791323240634,-0.32493956587583867,1.3900000000000001
141,0.9128013738451394,6.710307761482726,4.869800362971085,1.2233552898976563,0.3600689973537285,0.16388281700366827,-0.3057658245056547,1.4000000000000001
142,0.9607530382459983,6.72211319450797,4.718404447408888,1.139990137894425,0.3709646644991131,0.17415732186585828,-0.28645147046851116,1.41
143,1.0071586761126103,6.733162777766414,4.5606787391444445,1.071705889561585,0.3805858713244889,0.1838333580203279,-0.267132347399467,1.42
144,1.0519586145196096,6.743591546141452,4.397340735662695,1.0154702446488528,0.38898591278326183,0.19291944194813251,-0.24793557343510383,1.43
145,1.095100010399555,6.753508033111084,4.229040408734306,0.9689795379952192,0.3962255516614639,0.20142996125967202,-0.22897878267974006,1.44
146,1.1365362257886493,6.76300048571469,4.056369675555186,0.9304558372157032,0.40237144008465586,0.20938442123952264,-0.2103696469227211,1.45
147,1.1762262801335963,6.772141382627517,3.879868593017323,0.8985065295307488,0.4074946035260066,0.2168066758806064,-0.1922056538991098,1.46
148,1.2141343539368528,6.780990767990493,3.7000295875924465,0.8720254135015791,0.4116690146786898,0.2237241631219423,-0.1745741137421674,1.47
149,1.250229328453524,6.789598744707772,3.5173005335505714,0.8501219145213071,0.4149702775209969,0.2301671606806405,-0.1575523624651786,1.48
150,1.2844843526346161,6.798007362149363,3.332087185309347,0.8320697125071747,0.4174744352734616,0.2361680754879345,-0.1412081301251086,1.49
151,1.3168764325408222,6.8062520617477125,3.144755277361198,0.8172690018413366,0.4192569099495532,0.24176077645692723,-0.1256000415067444,1.5
152,1.347386040932202,6.814362796182839,2.9556324828178226,0.8052184812209835,0.4203915759808679,0.24697997724893023,-0.11077821844767173,1.51
153,1.3759967462301699,6.822364905335055,2.7650103429680764,0.7954943956290421,0.42094996602981893,0.25186067295250236,-0.09678495502611437,1.52
154,1.4026948609020502,6.830279809710227,2.573146229599183,0.7877347644257576,0.4210006036041541,0.25643763219859145,-0.08365543949629234,1.53
155,1.427469109762877,6.838125566271654,2.3802653694402185,0.7816274756346313,0.42060845442860295,0.26074494423205846,-0.07141849984844668,1.54
156,1.450310318873686,6.845917320378031,2.186562939782325,0.7769012986008578,0.41983448664684175,0.26481561884601745,-0.06009735299648124,1.55
157,1.4712111257399376,6.8536676794007905,1.992206232113715,0.7733191236513409,0.4187353287369898,0.2686812358454006,-0.04971034069600891,1.56
158,1.4901657114447822,6.861387027620242,1.7973368738320914,0.7706729159187565,0.41736301342994836,0.27237163981141105,-0.040271638247229076,1.57
159,1.5071695552345,6.86908379753076,1.602073094975238,0.7687799959642064,0.41576479582253095,0.2759146753530074,-0.03179192475289359,1.58
160,1.5222192119378128,6.876764709279247,1.4065120262139876,0.7674803489082028,0.4139830341796056,0.2793359577158801,-0.024279006124625087,1.59
161,1.5353121124664775,6.884434987313255,1.2107320152239178,0.7666347278273807,0.4120551225321488,0.2826586735330482,-0.017738384130284997,1.6
162,1.546446387524277,6.892098561217445,1.0147949503868625,0.7661233640798997,0.41001346502171837,0.2859034066062862,-0.012173766541406223,1.61
163,1.5556207145524825,6.899758256026925,0.8187485831363803,0.7658451325311135,0.4078854829486529,0.2890879838694196,-0.007587514880272019,1.62
164,1.5628341878656804,6.907415975927942,0.622628842837565,0.7657170472960455,0.40569364659558316,0.292227337073058,-0.003981027400989509,1.6300000000000001
165,1.5680862118836267,6.915072884128981,0.4264621406499628,0.7656739863856729,0.4034555250752166,0.2953333762209558,-0.001355055796881979,1.6400000000000001
166,1.5713764173412033,6.922729580769516,0.2302676611914627,0.765668563491808,0.40118384865840717,0.2984148713609581,0.00029004525688637004,1.6500000000000001
167,1.572704600357283,6.930386280007445,0.03405964287374766,0.7656710833923199,0.3988865792509106,0.30147733997369497,0.0009541362021105607,1.6600000000000001
168,1.5720706842604981,6.938042986878467,-0.16215035057762278,0.7656695349462068,0.3965669858883207,0.3045229378994868,0.0006371785603391061,1.67
169,1.5694747041012902,6.945699674145833,-0.35835116373996373,0.7656695928565954,0.3942237232982327,0.30755035249125734,-0.0006608111544315134,1.68
170,1.564916813820016,6.953356459155885,-0.5545297839240212,0.765694616530378,0.3918509127305408,0.3105546974747265,-0.0029397395502228775,1.69
171,1.5583973160850917,6.961013780683267,-0.7506690719950423,0.7657856515161288,0.3894382253777818,0.31352740983439975,-0.006199346508815432,1.7
172,1.5499167148576218,6.968672575889723,-0.9467454856085853,0.766001456152056,0.3869709697954016,0.31645614992336396,-0.01043904743201166,1.71
173,1.539475790774268,6.976334457831949,-1.1427267918647064,0.766418593228469,0.38443018578427396,0.3193247069145257,-0.0156577077447779,1.72
174,1.5270756994631534,6.984001894437883,-1.3385697678592516,0.7671316438163638,0.3817927482101931,0.3221129126669989,-0.021853350024434504,1.73
175,1.5127180929136486,6.991678390530455,-1.5342178895237761,0.7682536183097629,0.37903148519961755,0.3247965680670342,-0.029022794476901856,1.74
176,1.4964052640059473,6.999368675322164,-1.7295990114128323,0.7699166588724027,0.37611531605497134,0.3273473869071925,-0.037161234020170124,1.75
177,1.478140314267464,7.00707889884981,-1.924623042605101,0.772273149001454,0.37300941505817664,0.32973296337309926,-0.046261746001975496,1.76
178,1.4579273448585095,7.0148168420987815,-2.1191796264795935,0.7754973715253126,0.3696754080522299,0.3319167701902668,-0.05631474361016796,1.77
179,1.4357716706995913,7.022592147132534,-2.313135834603171,0.7797878884951227,0.3660716092746587,0.33385819541145456,-0.06730737136204794,1.78
180,1.4116800575395694,7.030416575476529,-2.506333887040241,0.7853708585845023,0.3621533063228022,0.33551262665564635,-0.07922285070667125,1.79
181,1.385660981633502,7.038304305430627,-2.6985889126845417,0.7925045646706429,0.3578731013099901,0.33683159229095005,-0.09203978375416111,1.8
182,1.3577249115618262,7.046272282080679,-2.889686763181538,0.8014855031612514,0.3531813161681087,0.33776296952287316,-0.10573142545550508,1.81
183,1.3278846115951584,7.054340637813703,-3.0793818919057063,0.8126564972907354,0.3480264696044032,0.33825126953427326,-0.12026493717267649,1.82
184,1.2961554659172452,7.062533206496212,-3.267395304206871,0.826417453507587,0.34235583236475353,0.3382380096434449,-0.13560063745527778,1.83
185,1.26255582300114,7.070878161714327,-3.4534125751922846,0.8432396046597969,0.33611606612908373,0.33766218181689256,-0.15169126890024104,1.84
186,1.2271073595480768,7.079408819422665,-3.637081914382974,0.8636844083059777,0.32925394951079523,0.3364608257066428,-0.16848130310615125,1.85
187,1.1898354637303135,7.088164659236513,-3.8180122292528784,0.8884287428024094,0.3217171922071947,0.33456971259733226,-0.18590630879789272,1.86
188,1.1507696381567303,7.097192638280983,-3.9957710966923563,0.9182987454637236,0.3134553353288437,0.3319241441767899,-0.20389241100734423,1.87
189,1.1099439241968825,7.106548899820389,-4.169882484639824,0.954315689622273,0.30442073232831246,0.3284598668384887,-0.2223558715328566,1.8800000000000001
190,1.0673973513540185,7.116301020253398,-4.339823962360975,0.9977589012694147,0.29456960079688155,0.3241140982701418,-0.24120282251437003,1.8900000000000001
191,1.0231744187379703,7.126530999493937,-4.50502297552767,1.0502532030014362,0.2838631307922104,0.31882665840754626,-0.2603291855814908,1.9000000000000001
192,0.9773256211052408,7.137339292635728,-4.664851504908997,1.1138923046507334,0.27226863044562394,0.3125411915178882,-0.27962080838135595,1.9100000000000001
193,0.9299080406407593,7.148850323942484,-4.81861801191442,1.1914159086699432,0.2597606845794791,0.30520646036472515,-0.298953848107757,1.92
194,0.8809860397407385,7.161220149527116,-4.965554887572969,1.2864687917573003,0.2463222972093447,0.2967776873076721,-0.31819542770728315,1.93
195,0.8306321131540405,7.174647298093858,-5.104798456103038,1.4039879185095003,0.23194598443935027,0.28721791107995653,-0.33720458457341124,1.94
196,0.778927996484541,7.189388419157,-5.235356544984223,1.550794681342551,0.21663478076450673,0.2764993222017132,-0.35583352369486954,1.95
197,0.7259661944075146,7.205781388593705,-5.356054941468004,1.7365252128443143,0.20040311960347976,0.2646045349032573,-0.3739291774679053,1.96
198,0.6718522094987939,7.224280312461071,-5.465447112775651,1.9751357345732172,0.1832775484838677,0.2515277494386533,-0.3913350629372093,1.97
199,0.6167079686226347,7.245510126102779,-5.561657947882472,2.287421122572803,0.16529724125119552,0.23727575612035665,-0.4078934144997405,1.98
200,0.5606773581436773,7.270354640923241,-5.6421042682081906,2.7053906991676704,0.14651427469965694,0.22186873155873219,-0.4234475566888451,1.99
201,0.5039356133874516,7.300104041782749,-5.702974104161451,3.280201720484918,0.12699364625822399,0.20534077853052365,-0.4378444683703558,2.0
202,0.44670608305936493,7.336712982256062,-5.7382068816204095,4.097246760452403,0.1068130249235188,0.18774016349179531,-0.45093747761609004,2.0100000000000002
203,0.3892919131381217,7.383275099222803,-5.7373726524592685,5.306384549382669,0.08606225387292735,0.1691292098658208,-0.4625890171939612,2.02
204,0.33213997802054607,7.444944266963104,-5.680940152774182,7.18581087301514,0.06484266870870664,0.14958381251022232,-0.47267336644837477,2.0300000000000002
205,0.2759799924909346,7.530823269434475,-5.528860363725854,10.28250159957078,0.04326636958097968,0.1291925617117895,-0.4810793107811097,2.04
206,0.22215297828807748,7.6579700353884075,-5.190968112314441,15.712718969661523,0.02145562968262623,0.10805556626005687,-0.48771267212892927,2.05
207,0.173437508339319,7.859290704340935,-4.449947007640996,25.582789761045824,-0.0004580891229228738,0.08628343332471598,-0.4924986896307997,2.06
208,0.13598762793856659,8.189864068824193,-2.828617949121488,41.40422960157415,-0.02234191678167806,0.06399663692970582,-0.4953839614038872,2.07
209,0.12114250620436762,8.671861957515175,0.04749445456000849,52.0892966748829,-0.044090701147947504,0.04131554567902054,-0.4963356079887148,2.08
210,0.1366840071196424,9.151938727610489,2.906234703052739,40.95699080117304,-0.06560927511667912,0.01835860708852797,-0.49533663761570573,2.09
211,0.17465811804423395,9.478936461554602,4.4994397028667175,25.152402423157582,-0.08675834058839593,-0.004703301041500753,-0.49239300289266996,2.1
212,0.22371539131547802,9.67726466175375,5.221249459838763,15.412562374899172,-0.10740994700344379,-0.027710954554051984,-0.4875399535242426,2.11
213,0.2777621327845477,9.8022921507262,5.5479631481621015,10.080003616731336,-0.12744791195346253,-0.050537328599418396,-0.4808357392673062,2.12
214,0.33406729348699615,9.886682367195816,5.693395512560769,7.044812200555224,-0.14676363244411136,-0.0730622959652991,-0.4723582719716982,2.13
215,0.3913176439768993,9.94727296900362,5.745620148026993,5.203975404992342,-0.16525912821107533,-0.09516934677312795,-0.4622036520600973,2.14
216,0.44879926224938826,9.993024448770447,5.743611657172677,4.019854468744523,-0.18284869051635752,-0.11674841358875548,-0.4504843663224754,2.15
217,0.5060745599592105,10.029002884952918,5.706343447006092,3.219658104092658,-0.1994597407401812,-0.13769846733752564,-0.4373270445750595,2.16
218,0.5628461174297584,10.058246926230929,5.643942525857245,2.656606541590013,-0.21503333660001486,-0.1579293674184589,-0.42286993160719066,2.17
219,0.6188942901597393,10.082675734444852,5.562296637908823,2.247105550433053,-0.22952439331541546,-0.17736311943629346,-0.4072602076523283,2.18
220,0.6740463488545311,10.103555834252887,5.465114505590677,1.9410853079862187,-0.24290162057809717,-0.19593466218207023,-0.3906512650384382,2.19
221,0.7281601741896492,10.12175477427951,5.354915036183958,1.7072176492323374,-0.2551471821050165,-0.21359225505531615,-0.3732000322136298,2.2
222,0.7811151336877821,10.137885996899453,5.233531838357475,1.5251486642293608,-0.26625609899266556,-0.23029751500317572,-0.3550644227919349,2.21
223,0.8328067067894015,10.15239528173733,5.102383744085878,1.3812162634374605,-0.27623542948193125,-0.24602514571670847,-0.3364009738006199,2.22
224,0.8831431581366934,10.165614337321841,4.962625903238725,1.2659858365924543,-0.28510326496974114,-0.26076240170585335,-0.31736272333118887,2.23
225,0.9320433725281532,10.17779515401026,4.81523698284118,1.172777416231385,-0.2928875857213375,-0.2745083313000046,-0.29809736358648503,2.24
226,0.9794353685499552,10.189132678114113,4.66107081477082,1.0967554467211527,-0.29962502042626243,-0.2872728435426301,-0.27874569144202643,2.25
227,1.025255218130779,10.199780167417734,4.500887627090852,1.0343492906325913,-0.30535955211596755,-0.2990756435824996,-0.25944036568593054,2.2600000000000002
228,1.0694462135717502,10.209859829103454,4.335373264888466,0.9828744094613934,-0.3101412095789585,-0.3099450793403671,-0.24030496855786007,2.27
229,1.111958188085673,10.219470339187996,4.165151229412156,0.9402788030932407,-0.3140247787838814,-0.3199169390812999,-0.22145335942041192,2.2800000000000002
230,1.1527469334157996,10.228692253584327,3.9907903890323966,0.904969656087781,-0.3170685634206533,-0.3290332353251808,-0.2029893005599245,2.29
231,1.191773680525559,10.237591964642482,3.812810086846905,0.8756925446997965,-0.31933321790841956,-0.3373410056120286,-0.18500632927799823,2.3000000000000003
232,1.2290046230125329,10.246224635918903,3.631683704781901,0.8514458225673578,-0.32088067044663243,-0.3448911553370178,-0.16758784652837075,2.31
233,1.264410471336222,10.254636407470448,3.44784134161101,0.8314190129445607,-0.3217731481812566,-0.35173736248425136,-0.1508073902106441,2.32
234,1.297966031188803,10.262866072842716,3.261672013133636,0.8149478812410637,-0.32207231152928373,-0.35793505887233695,-0.13472906062257192,2.33
235,1.3296498025808212,10.270946368647717,3.0735256256079238,0.8014812945508627,-0.3218385002904894,-0.36354049767539504,-0.11940806622960937,2.34
236,1.3594435981891315,10.278904977045006,2.883714873127628,0.7905565439155011,-0.3211300904531506,-0.3686099126396306,-0.10489135955528088,2.35
237,1.3873321806768675,10.286765313665574,2.6925171450537064,0.7817808348316972,-0.3200029575954183,-0.373198770663626,-0.09121833535722489,2.36
238,1.413302919334996,10.294547154209722,2.5001764881370336,0.7748173380314879,-0.31851004048030584,-0.3773611162885457,-0.07842156608163749,2.37
239,1.437345466700471,10.302267139323598,2.306905641657912,0.7693746566827844,-0.31670099679324154,-0.38114900415271746,-0.06652755266473401,2.38
240,1.4594514559019198,10.309939187597404,2.112888147685469,0.7651988838081847,-0.31462194190913195,-0.38461201357521374,-0.05555747189124455,2.39
241,1.479614219453216,10.317574839423669,1.9182805291057932,0.762067643486155,-0.3123152610225663,-0.38779683809536547,-0.04552790458217067,2.4
242,1.4978285301144376,10.325183549197538,1.7232145231651093,0.759785662931664,-0.3098194848462229,-0.39074694194846743,-0.03645153175851532,2.41
243,1.5140903643058174,10.332772939380698,1.5277993564153256,0.7581815308399716,-0.30716921929675634,-0.39350227503448304,-0.028337788539462158,2.42
244,1.5283966884186029,10.340349026909315,1.3321240470906854,0.7571053745817921,-0.3043951200673633,-0.39609903786837014,-0.02119346783626777,2.43
245,1.5407452682331744,10.347916430044043,1.1362597223538438,0.7564272446866945,-0.3015239036630959,-0.3985694882227151,-0.015023267875233675,2.44
246,1.5511345015394675,10.355478561859604,0.9402619400067913,0.7560360363287638,-0.2985783872889632,-0.4009417816271284,-0.009830279222177867,2.45
247,1.559563273963007,10.363037815031353,0.7441730067916524,0.7558388090247231,-0.29557755088272647,-0.4032398385229064,-0.005616408299757904,2.46
248,1.5660308379342696,10.37059574131758,0.5480242880354166,0.7557603908719132,-0.29253661553380894,-0.4054832316434089,-0.0023827354116821363,2.47
249,1.5705367146992555,10.378153228106788,0.35183850591986837,0.7557431747962186,-0.2894671334967443,-0.40768708806579634,-0.00012980604636244516,2.48
250,1.5730806192535767,10.385710673569097,0.15563202593413422,0.7557470331140417,-0.2863770859688586,-0.40986200133245426,0.0011421452360552977,2.49
251,1.5736624080877846,10.393268161301835,-0.04058286701823257,0.7557492943437059,-0.28327098574208337,-0.4120139500512538,0.001433038684511351,2.5
252,1.572282049654058,10.400825634884523,-0.2367956999136267,0.7557447433095573,-0.28014998274693514,-0.4141442204404093,0.0007428611562853829,2.5100000000000002
253,1.5689396174991197,10.408383072452374,-0.43299554638681986,0.7557456225287101,-0.2770119713774316,-0.4162493313775135,-0.0009283541144916499,2.52
254,1.56363530605003,10.415940661262114,-0.6291687606361372,0.7557816297998685,-0.27385169931455144,-0.41832096163967486,-0.0035804797709529193,2.5300000000000002
255,1.5563694690830259,10.423498972256692,-0.8252967062070135,0.7558999238467343,-0.27066087835207997,-0.42034588017929786,-0.007213178631637191,2.54
256,1.5471426809452191,10.431059134838335,-1.021353476059586,0.7561651667977738,-0.2674282984700423,-0.4223058814664961,-0.011825720114382932,2.5500000000000003
257,1.5359558206295354,10.438623012431453,-1.2173036015022505,0.756659649267901,-0.2641399470958641,-0.424177729140796,-0.01741672900264787,2.56
258,1.5228101788195711,10.446193379959716,-1.413099749228621,0.7574835610654802,-0.2607791361379975,-0.4259331124457034,-0.023983867024220666,2.57
259,1.5077075880187056,10.453774105080617,-1.6086804077647185,0.7587554885559651,-0.25732663996456917,-0.4275386211592282,-0.031523448126924786,2.58
260,1.4906505758531354,10.461370335926473,-1.8039675670248143,0.7606132393067224,-0.2537608480211397,-0.4289557459645036,-0.04002998895363684,2.59
261,1.4716425415886736,10.468988699215812,-1.9988643972635733,0.7632151171268604,-0.25005793622296235,-0.4301409124023804,-0.04949569687923011,2.6
262,1.4506879558252719,10.476637513960778,-2.1932529363314526,0.7667417979361175,-0.2461920616001576,-0.4310455576776986,-0.059909899110131,2.61
263,1.4277925832318308,10.484327027666259,-2.386991796562967,0.7713989918123024,-0.24213558489589934,-0.43161626060757086,-0.07125841779227364,2.62
264,1.402963728060442,10.492069683988758,-2.579913904544899,0.7774211229750874,-0.2378593258906291,-0.4317949358461444,-0.08352289784531876,2.63
265,1.3762105020408928,10.499880433438644,-2.7718242879979456,0.7850763228600325,-0.2333328561176544,-0.43151910412662464,-0.0966800963473519,2.64
266,1.3475441141149673,10.507777102074163,-2.9624979234667683,0.7946731196355481,-0.22852483331269732,-0.4307222505465326,-0.11070114472549014,2.65
267,1.3169781813451895,10.515780837550405,-3.1516776556107513,0.8065693317867106,-0.22340338136562052,-0.42933428279493613,-0.12555079773288957,2.66
268,1.2845290602532453,10.523916657788414,-3.3390721924186844,0.8211838502559353,-0.2179365186813635,-0.4272821005819764,-0.1411866861545434,2.67
269,1.250216197853245,10.532214135559425,-3.5243541688866604,0.8390122477430625,-0.21209263667725248,-0.4244902862801214,-0.157558593295039,2.68
270,1.2140625018094606,10.54070826338063,-3.7071582520117605,0.8606475225640295,-0.20584102862209838,-0.4208819248252066,-0.17460777843849234,2.69
271,1.1760947295640563,10.549440558706635,-3.8870792284596254,0.8868078258220147,-0.19915246714653248,-0.41637955816825145,-0.19226637347456538,2.7
272,1.1363438970936504,10.558460491616408,-4.0636699669391465,0.9183738256481477,-0.19199982653045183,-0.4109062759527508,-0.2104568815575253,2.71
273,1.0948457093858626,10.567827349343222,-4.236439070656782,0.9564395769781165,-0.1843587433306165,-0.40438693958786714,-0.22909180877612054,2.72
274,1.0516410171220125,10.577612699258996,-4.404847915846478,1.0023826285548951,-0.17620830610611804,-0.39674953151408887,-0.24807346110086748,2.73
275,1.006776307952534,10.587903682595718,-4.568306584749478,1.0579620092539197,-0.1675317620215994,-0.38792661529260847,-0.26729393906626225,2.74
276,0.9603042470366631,10.598807478811127,-4.726167902019652,1.1254573740308278,-0.15831722508294752,-0.3778568853432866,-0.2866353614624436,2.75
277,0.9122842916477902,10.610457447708825,-4.877718296029937,1.2078701463199968,-0.14855836785233134,-0.3664867779383207,-0.3059703465001787,2.7600000000000002
278,0.8627834211171077,10.623021721948863,-5.022163393123914,1.3092201068132467,-0.13825507589993896,-0.35377210774366996,-0.3251627742692932,2.77
279,0.8118770506002588,10.636715454573823,-5.158604856631486,1.4349925011075146,-0.12741404221648428,-0.3396796871815815,-0.344068847706791,2.7800000000000002
280,0.7596502431166731,10.651818648052313,-5.286002508123753,1.5928289127156567,-0.11604927760554355,-0.3241888796267369,-0.3625384607094709,2.79
281,0.7061994141515849,10.668702734015197,-5.403111224298348,1.7936247695224072,-0.10418251300746863,-0.3072930324527926,-0.38041687158880794,2.8000000000000003
282,0.6516348665093281,10.687871283967636,-5.508373419870544,2.0533279758299248,-0.09184347114206552,-0.28900073273668164,-0.3975466680607922,2.81
283,0.5960847609117101,10.710024313182531,-5.599730583189928,2.3959920941994777,-0.07906998827441401,-0.2693368275034516,-0.413769996863789,2.82
284,0.5397016509730573,10.736163491207432,-5.674280923065986,2.859169621893033,-0.06590797304566742,-0.2483431522033818,-0.4289310175805656,2.83
285,0.4826737870892123,10.767771374938256,-5.727629356930898,3.5038774040560403,-0.05241119952049437,-0.22607891608132327,-0.44287852721521387,2.84
286,0.4252457405188151,10.807131194334541,-5.752584976694888,4.433960928792892,-0.03864094863169576,-0.20262070186515296,-0.4554686907620714,2.85
287,0.3677583703910573,10.857928061121445,-5.736376762962889,5.835829097707991,-0.02466554168568255,-0.17806205160791264,-0.4665678051800541,2.86
288,0.3107318890538421,10.926445363477542,-5.654237484986495,8.06442847637146,-0.010559861067947667,-0.1525126372559148,-0.47605502288230445,2.87
289,0.2550529272036105,11.02407615306144,-5.453370970345715,11.835035857638411,0.003594975441575591,-0.1260970767749269,-0.48382497184456347,2.88
290,0.2024321805837865,11.172688783340705,-5.010241180888285,18.617367169101964,0.01771170934255825,-0.09895360646653417,-0.4897902399185094,2.89
291,0.15657356946489986,11.41426143856874,-4.023326587316898,30.9090962953856,0.031698493562820944,-0.07123276165941676,-0.49388368992326576,2.9
292,0.1256231406904398,11.807855265761697,-1.918111327709395,47.829136444734544,0.04547246003304723,-0.043091049899479934,-0.49605989234880044,2.91
293,0.12185882432915944,12.322652441522914,1.236035051729876,50.807280394016246,0.05898256131085961,-0.014666671540776565,-0.49629219841452843,2.92
294,0.14750682316624478,12.7563467017256,3.6743347049652435,34.72843087803704,0.07216413538645414,0.013876805342647541,-0.4945702900876758,2.93
295,0.1909593214704865,13.028659462317645,4.865074158594323,20.79627848436439,0.08493911605104558,0.042325390928792554,-0.4909113034420698,2.94
296,0.24258742636644312,13.193737418803636,5.394147243066435,12.968495235743607,0.09723619186977753,0.07050493435383255,-0.4853598430262083,2.95
297,0.29787107315821953,13.300081719171327,5.632578124458467,8.680751118845901,0.10898509967941722,0.09826348067627305,-0.47798173230077656,2.96
298,0.35477749175305345,13.37347934592826,5.733297674472931,6.192412850298176,0.12012280313554265,0.12545528071161097,-0.46886190366506697,2.97
299,0.4122895288370884,13.42717872895268,5.760006258663174,4.6518989830145845,0.13059573054606258,0.15194239597463738,-0.45810289615830496,2.98
300,0.4698289436775474,13.468353651093047,5.741758273924133,3.643016838839291,0.14036000524385217,0.1775979606706258,-0.4458228721068275,2.99
301,0.52702643258701,13.501141795076576,5.693160735735491,2.950969004832901,0.14938138540504592,0.2023086107586443,-0.4321532456286502,3.0
302,0.5836221213193936,13.528070843792953,5.622256417101212,2.4579722030226128,0.15763514084052144,0.2259761420169801,-0.4172360789904327,3.0100000000000002
303,0.6394187545742132,13.550762851089177,5.533863953326681,2.0957546027035425,0.1651058324850165,0.24851856377149203,-0.40122136974541184,3.02
304,0.6942579950418356,13.57030297392284,5.431108624389692,1.8227812163489088,0.17178696068342428,0.2698706449884535,-0.38426432974277974,3.0300000000000002
305,0.7480076416982238,13.58744327907139,5.316173288751147,1.6127078199274876,0.1776804740315137,0.28998401438266036,-0.36652274220088116,3.04
306,0.8005543453042656,13.602720950692584,5.190688330965663,1.4482142500708772,0.18279614884842704,0.3088268660843808,-0.3481544696692599,3.0500000000000003
307,0.8517992406994009,13.61652979511209,5.0559438400914525,1.3175533809762292,0.18715085993915834,0.326383322328486,-0.32931517203106986,3.06
308,0.901655194338001,13.629165107960915,4.913009498925068,1.2125384466142104,0.19076776866936726,0.3426525072055602,-0.3101562795473507,3.0700000000000003
309,0.9500449774580126,13.640852741249828,4.7628043879612125,1.127325673490969,0.19367545632493657,0.35764738759686904,-0.29082325175690904,3.08
310,0.9968999842330808,13.651768469181613,4.6061385990511905,1.057653856499998,0.19590703037834908,0.37139343780129724,-0.27145413941671725,3.09
311,1.0421592777296402,13.662051212425208,4.44373851883011,1.0003555917342999,0.19749922936177983,0.38392718275685417,-0.25217845415873297,3.1
312,1.0857688365739835,13.671812267308868,4.2762624509353415,0.9530350152376257,0.19849154908005165,0.3952946713015819,-0.23311633959114864,3.11
313,1.127680926643444,13.681141872439888,4.1043104483245445,0.9138504299391312,0.19892540929818756,0.4055499259550754,-0.21437802847629103,3.12
314,1.1678535523090092,13.69011396189426,3.9284306626641454,0.8813646573739214,0.19884337614093325,0.41475340966375634,-0.19606356351235601,3.13
315,1.2062499599372964,13.698789659050625,3.7491236137278103,0.8544401097922261,0.19828845151368424,0.42297054328286804,-0.1782627541336123,3.14
316,1.2428381774918198,13.707219880481878,3.566845243764249,0.8321640041037142,0.1973034371032244,0.4302703006758469,-0.1610553385131032,3.15
317,1.277590580960686,13.715447301119635,3.382009293380376,0.8137942795566749,0.1959303770944403,0.4367239015478812,-0.1445113184094136,3.16
318,1.3104834826075025,13.723507854684263,3.1949893306940935,0.7987199889098313,0.19421008074633694,0.4424036157733306,-0.1286914343971056,3.17
319,1.3414967386666217,13.731431891968493,3.006120635695869,0.786431976300095,0.19218172346218698,0.44738168722902133,-0.11364775008427395,3.18
320,1.3706133756796666,13.73924508474775,2.8157020585929664,0.7765009812356196,0.1898825229825395,0.4517293801373848,-0.09942431587131757,3.19
321,1.3978192355728267,13.746969139128556,2.623997917445031,0.7685611835111246,0.1873474858135586,0.4555161467212771,-0.08605788537686967,3.2
322,1.4231026400448397,13.754622365399241,2.4312399662234108,0.7622977904068362,0.18460921794263943,0.4588089115889242,-0.07357866061021937,3.21
323,1.4464540750318096,13.762220139565336,2.237629442981742,0.7574376658642084,0.18169779323950802,0.4616714656741269,-0.06201104509840534,3.22
324,1.4678658960418975,13.76977528319225,2.043339194881953,0.7537422750294116,0.17864067263699607,0.4641639606950922,-0.05137438731164091,3.23
325,1.4873320550805131,13.777298381912573,1.8485158695881376,0.7510024075733108,0.17546266717088724,0.46634249388740573,-0.041683699741666795,3.24
326,1.504847849762349,13.784798058289548,1.6532821591434101,0.7490342763809009,0.17218593817369945,0.4682587721249271,-0.032950341778174186,3.25
327,1.5204096950618136,13.792281211189202,1.4577390815954985,0.7476766824676948,0.168830028307244,0.4699598443765623,-0.025182657034803015,3.2600000000000002
328,1.5340149180089728,13.799753231075682,1.2619682864405226,0.7467890044918398,0.16541191763406998,0.47148789166948424,-0.01838655796184685,3.27
329,1.5456615755072642,13.807218198484835,1.0660343717792835,0.7462498203922816,0.16194609952528546,0.4728800642602517,-0.012566052433701298,3.2800000000000002
330,1.5553482953397113,13.814679071197032,0.8699872034751386,0.7459560053862815,0.1584446718463762,0.4741683564834371,-0.00772370851924874,3.29
331,1.5630741403463138,13.822137864219293,0.6738642292407999,0.7458221789761328,0.15491743952464657,0.4753795106928478,-0.0038610548501820784,3.3000000000000003
332,1.5688384956977426,13.829595825531216,0.477692783224392,0.7457803967071864,0.15137202525976198,0.4765349427841899,-0.0009789149231965136,3.31
333,1.5726409791586584,13.837053609607583,0.2814923791365018,0.7457800022698736,0.14781398577568866,0.4776506829519703,0.0009223256588079276,3.3200000000000003
334,1.5744813742254504,13.844511449976778,0.08527699212918521,0.7457875735722799,0.1442469316168812,0.47873732655898105,0.0018425195451650376,3.33
335,1.5743595860344735,13.851969331496084,-0.1109426685918346,0.7457869135506335,0.1406726490556177,0.4797999912640756,0.001781625849620114,3.34
336,1.5722756199635455,13.85942716261627,-0.3071568931385823,0.7457790532766705,0.13709122319617462,0.48083827785015826,0.0007396463145620019,3.35
337,1.5682295828866422,13.866884947666318,-0.5033547062261258,0.7457822516295586,0.1335011618325336,0.4818462335116962,-0.0012833705449480086,3.36
338,1.5622217070841142,13.87434295911489,-0.6995216000577783,0.7458319925109471,0.1298995200378585,0.48281231769561994,-0.004287257318815631,3.37
339,1.554252396852803,13.881801909857934,-0.8956372608025126,0.7459809972917202,0.12628202583553214,0.48371937193881187,-0.008271587634511374,3.38
340,1.5443222978967757,13.889263125841559,-1.0916732855034683,0.7462992868905849,0.12264320762236647,0.4845445965070037,-0.013235468256246954,3.39
341,1.5324323896046377,13.896728719756819,-1.2875908876142295,0.7468743446987091,0.11897652428341476,0.4852595380093643,-0.019177263631092203,3.4
342,1.518584100328758,13.904201767140172,-1.4833385911792436,0.7478114487748369,0.11527449915279656,0.4858300935318605,-0.02609425346499836,3.41
343,1.5027794457709198,13.91168648698644,-1.6788499158841366,0.7492342599235059,0.11152885913305792,0.48621653818635513,-0.0339822243909249,3.42
344,1.4850211905443589,13.919188429945649,-1.8740410577008364,0.7512857724101062,0.10773068038175276,0.48637358428954597,-0.042834997488321626,3.43
345,1.4653130329218464,13.926714678355713,-2.068808572506199,0.7541297576522787,0.10387054200319158,0.48625048163463985,-0.05264389436624093,3.44
346,1.4436598126925202,13.934274063805773,-2.263027072679197,0.7579528604283937,0.0999386891376929,0.4857911694568837,-0.06339714576503318,3.45
347,1.4200677419380459,13.941877409699611,-2.4565469490338443,0.762967545042365,0.09592520671253592,0.4849344916670067,-0.07507924819028944,3.46
348,1.3945446584058312,13.949537808503226,-2.649192132184887,0.769416139819101,0.09182020489886976,0.4836144876668811,-0.08767027598353785,3.47
349,1.3671003010116158,13.957270946172954,-2.840757908103191,0.7775762984083939,0.08761401699906189,0.48176077148884844,-0.10114515845930351,3.48
350,1.3377466068597506,13.965095489904634,-3.031008801542441,0.7877682944070005,0.08329741006080954,0.47929901202240993,-0.11547293428116877,3.49
351,1.3064980290485393,13.97303356015766,-3.2196765372779446,0.8003647044740047,0.07886180797262621,0.47615152660807675,-0.13061599807101212,3.5
352,1.2733718744630271,13.981111314383332,-3.406458081354104,0.8158032331568349,0.07429952613793085,0.47223799918184856,-0.14652935727833966,3.5100000000000002
353,1.2383886607977321,13.9893596787498,-3.591013750832826,0.8346037182095283,0.06960401605419936,0.46747633233972286,-0.16315992048088213,3.52
354,1.2015724922700761,13.997815276477965,-3.7729653579580043,0.8573907712906753,0.06477011724983862,0.46178364006320144,-0.1804458414079465,3.5300000000000002
355,1.1629514539908097,14.006521618797859,-3.95189431877529,0.884924122515237,0.059794313072228836,0.4550773843265717,-0.19831594590124632,3.54
356,1.1225580259151435,14.015530649463344,-4.127339600195162,0.9181396544723542,0.05467498580414657,0.44727665434836344,-0.21668927154395756,3.5500000000000003
357,1.0804295189593747,14.024904770040926,-4.298795292315738,0.9582055032938359,0.04941266555257186,0.4383035818508833,-0.23547475155454708,3.56
358,1.0366085386249393,14.034719526846903,-4.4657074566667445,1.0065997533380688,0.04401026635583324,0.4280848794096864,-0.25457107548989705,3.5700000000000003
359,0.9911434859504618,14.045067221165677,-4.6274696859657585,1.0652196329482984,0.038473302057178145,0.41655348193770486,-0.27386675905336033,3.58
360,0.9440891128339325,14.05606182824564,-4.783416465450596,1.1365375495264345,0.032810073772679534,0.4036502637679149,-0.2932404535856607,3.59
361,0.8955071604452083,14.067845804516399,-4.932812858544914,1.2238282275291414,0.027031820327161896,0.3893257959752475,-0.31256152238885704,3.6
362,0.8454671285447876,14.08059967314831,-5.074838083746535,1.331506255393798,0.021152822942281695,0.3735421009053095,-0.3316909057131655,3.61
363,0.794047255316995,14.094555788412208,-5.208558890549699,1.4656394119357858,0.01519045584474699,0.3562743538308554,-0.3504822889300332,3.62
364,0.7413358415513981,14.110018541309586,-5.332885664923929,1.6347497101542834,0.009165175442590726,0.33751247578235855,-0.36878357914957294,3.63
365,0.6874331483029447,14.127394770819144,-5.446498649568692,1.8511001626691947,0.003100442445872634,0.31726255748836485,-0.38643868449287244,3.64
366,0.6324542706883747,14.147240853838108,-5.547720898688688,2.132830428400217,-0.0029774259968878103,0.29554805262887796,-0.4032895777499228,3.65
367,0.5765337197590451,14.170338024458497,-5.634292694774979,2.5076348677090463,-0.009039473038420792,0.2724106798771751,-0.41917861278462537,3.66
368,0.5198330995950339,14.197817409467246,-5.702955250124899,3.019368259622321,-0.015054380529814297,0.2479109781656053,-0.43395104854330785,3.67
369,0.46255464334796076,14.231376658193188,-5.748644923418475,3.7404858833991224,-0.020988792140504337,0.22212846921098106,-0.44745772288616154,3.68
370,0.4049664496130214,14.273674097706833,-5.7628403575809175,4.796744293237296,-0.02680764772072919,0.1951613974893634,-0.4595578080651878,3.69
371,0.3474526429238801,14.329086584329813,-5.729928920540212,6.419097479304198,-0.03247446580264219,0.16712604549250068,-0.4701215736263032,3.7
372,0.2906208084174836,14.405254877706005,-5.618556269802596,9.058534640829908,-0.03795146106041127,0.1381556745276007,-0.47903308466034344,3.71
373,0.2355524359537623,14.516397409629006,-5.359262753471398,13.644170548500671,-0.04319934317205835,0.10839924539650135,-0.4861927810518908,3.72
374,0.18443599332953872,14.690350634889864,-4.783793411448108,22.069989603736072,-0.0481769959677876,0.0780201553111873,-0.49151992067945527,3.73
375,0.14217901915419917,14.97899221137709,-3.486111791689924,36.91810003520808,-0.05284437315606431,0.047193525235568544,-0.4949547892500712,3.74
376,0.11907984977671719,15.433698063741993,-0.8830169496341214,52.48882388680465,-0.057179231025155645,0.016087690471979183,-0.4964591843793905,3.75
377,0.12639139439254612,15.950796375607275,2.2726620670080315,46.61102616643972,-0.06117838656803957,-0.015155205722631484,-0.4960116175619642,3.7600000000000002
378,0.16004740598796785,16.328449023510764,4.236112200153748,29.1297341372549,-0.06482937561440567,-0.04632983288436602,-0.4936098648146662,3.77
379,0.20743115148007815,16.555843791022184,5.125328181294772,17.41938207056098,-0.06812452296915938,-0.0772176834369487,-0.48928159451879616,3.7800000000000002
380,0.26089806629723156,16.69537927287401,5.518688438218393,11.09243046208301,-0.07104520136293378,-0.1076425317846192,-0.4830793565391689,3.79
381,0.3170740363321573,16.787274215911935,5.693414150740679,7.5866701425887255,-0.07357193602225971,-0.13744117534434902,-0.47507588188614713,3.8000000000000003
382,0.3744058031499913,16.85198975037141,5.76050650738951,5.511140456140829,-0.07569161167042802,-0.16645864057070645,-0.46536254780771247,3.81
383,0.4320829514842155,16.9001291756459,5.767220890783808,4.201759761817439,-0.07739754527783725,-0.19455148502448424,-0.45404772839397955,3.8200000000000003
384,0.48962494750420826,16.937541743158246,5.7357789936491645,3.3304332418980445,-0.07868856786237696,-0.2215907049262481,-0.44125465298176353,3.83
385,0.5467132336260098,16.967664772743422,5.6776980361141325,2.7247972305478623,-0.07956827858818437,-0.2474637479890805,-0.4271189324692947,3.84
386,0.6031166809983548,16.992633198175465,5.599507796037202,2.28864350518962,-0.0800444610024734,-0.27207583011629666,-0.41178589938140375,3.85
387,0.6586556645499341,17.013836708778634,5.505233140448123,1.9653042545899277,-0.08012856931247925,-0.29535067958456424,-0.39540787605821826,3.86
388,0.7131834856342907,17.032216413876426,5.397557508432815,1.719815884768244,-0.07983523406935564,-0.3172307781943467,-0.37814146660648107,3.87
389,0.7665761660951971,17.048431411591473,5.278404677033094,1.529729122505422,-0.07918176836941121,-0.33767715275220717,-0.36014495424350385,3.88
390,0.8187265321922597,17.062956760392204,5.1492456715611565,1.3801262817904572,-0.07818767242389357,-0.3566687698248512,-0.3415758722634859,3.89
391,0.8695406078062716,17.07614347875582,5.011267890885556,1.2607946461812527,-0.07687414217827646,-0.3742015906770392,-0.322588802966141,3.9
392,0.9189353011227493,17.088256604042197,4.8654716123425965,1.1645578002173587,-0.0752635907410078,-0.39028734706281315,-0.30333344463056056,3.91
393,0.9668368390048692,17.099500085741276,4.712726590933036,1.0862553429985202,-0.07337919193383498,-0.40495210035977336,-0.28395297252422885,3.92
394,1.0131796443624594,17.11003351118097,4.553805976059421,1.022099376572681,-0.0712444544736683,-0.4182346459460109,-0.264582706610172,3.93
395,1.0579054811725703,17.119983612777595,4.389406995793858,0.9692572888430732,-0.06888283379136242,-0.4301848218176688,-0.2453490865818988,3.94
396,1.1009627639518396,17.129452352529878,4.220163781335127,0.9255745216681601,-0.06631738667465953,-0.44086177560206685,-0.22636894450793504,3.95
397,1.1423059700747267,17.13852270839316,4.04665547904034,0.8893862591704772,-0.06357047203532967,-0.45033223782505605,-0.207749056942944,3.96
398,1.1818951179785349,17.147262884967542,3.8694115389152,0.8593869680477219,-0.06066349930456537,-0.45866884205890546,-0.1895859519491565,3.97
399,1.2196952892170372,17.155729423350657,3.6889153336766025,0.8345384056684808,-0.057616724355320614,-0.465948524900123,-0.17196594202911955,3.98
400,1.2556761814924702,17.163969528880173,3.5056068212829374,0.8140037227720963,-0.054449091495457846,-0.47225103103622945,-0.15496535135486736,3.99
401,1.2898116854695962,17.172022834863718,3.319884692415097,0.7970995975043507,-0.05117811899745029,-0.4776575413089177,-0.13865090467285962,4.0
402,1.3220794816800046,17.179922754232756,3.132108274125358,0.783261045805911,-0.047819824832299226,-0.48224943493405437,-0.1230802456074632,4.01
403,1.3524606559586592,17.18769752675794,2.9425993525133634,0.7720152893222884,-0.044388688741989896,-0.4861071910776187,-0.1083025534989562,4.0200000000000005
404,1.3809393331124578,17.19537103929619,2.75164400777327,0.762962195270853,-0.040897646491067446,-0.4893094299142406,-0.09435923011816365,4.03
405,1.4075023292159845,17.202963475670604,2.55949451035586,0.7557595545739852,-0.03735811204867701,-0.4919320891490861,-0.08128463034039178,4.04
406,1.4321388232654746,17.21049183812396,2.3663712986715026,0.7501119706967821,-0.03378002353226957,-0.49404772874869934,-0.06910681390724735,4.05
407,1.4548400490319837,17.21797037183414,2.1724650412394992,0.7457624767241591,-0.030171908954317705,-0.4957249542472956,-0.05784829856243865,4.0600000000000005
408,1.47559900792781,17.225410916408492,1.9779387758986378,0.742486236168511,-0.026540968120390227,-0.4970279473900994,-0.047526797960908355,4.07
409,1.4944102035960882,17.232823202701546,1.782930113260979,0.7400858487252108,-0.022893167397347827,-0.4980160919477021,-0.03815593070094094,4.08
410,1.5112693987922616,17.24021510912577,1.5875534894087926,0.738387898709082,-0.01923334447671445,-0.4987436821817304,-0.029745889531987264,4.09
411,1.5261733949745488,17.24759288843547,1.391902452794852,0.7372404666626214,-0.015565320678422083,-0.49925970156008703,-0.0223040621930326,4.1
412,1.5391198348758135,17.2549613734811,1.1960519716333444,0.7365113841817762,-0.011892018753681368,-0.49960765981382826,-0.015835597409386514,4.11
413,1.5501070282022484,17.26232416845966,1.0000607502128216,0.7360870556875534,-0.008215584539090371,-0.49982547721123355,-0.010343911312637824,4.12
414,1.559133800501183,17.269683830594676,0.8039735451289859,0.7358717038415504,-0.004537511176483556,-0.49994540592355674,-0.005831130958346575,4.13
415,1.566199365163663,17.277042045879682,0.607823475137477,0.7357869212218386,-0.0008587649360490232,-0.49999397950969215,-0.0022984727203543952,4.14
416,1.5713032184776374,17.28439980145491,0.4116343209549105,0.7357714323376423,0.002820088041095908,-0.49999198280437607,0.0002534458305170451,4.15
417,1.5744450576230686,17.29175755632285,0.21542281373481784,0.7357809888784199,0.006498754533847175,-0.49995443581902027,0.0018243613660539509,4.16
418,1.575624721498015,17.29911541142412,0.019200912998793156,0.7357883384863798,0.010177086837196545,-0.4998905866286628,0.0024141879710472282,4.17
419,1.5748421542810551,17.306473279581688,-0.17702192357261168,0.7357832240810754,0.013854955304873138,-0.49980390960437265,0.002022908224332309,4.18
420,1.5720973916654775,17.313831055473983,-0.37323647494960716,0.7357723872813022,0.017532120900976483,-0.49969210674624726,0.000650532251756827,4.19
421,1.567390569739555,17.32118878561428,-0.5694314920168876,0.7357795659524172,0.0212081077952791,-0.4995471112714751,-0.0017028752356733432,4.2
422,1.5607219565294341,17.32854683829667,-0.7655914290858034,0.7358454923980635,0.02488207606116422,-0.4993550940114807,-0.005037099926712048,4.21
423,1.5520920062612342,17.33590607361525,-0.9616941679404919,0.7360279151997704,0.02855269461023495,-0.49909647456983836,-0.009351614964987558,4.22
424,1.5415014364314479,17.343268013975578,-1.1577087317284924,0.7364016842081048,0.032218014624660694,-0.4987459405855152,-0.014645350221655213,4.23
425,1.5289513277944404,17.350635015994758,-1.3535929875307136,0.737058954855526,0.03587534392585514,-0.4982724798285115,-0.020916394138263628,4.24
426,1.514443247378088,17.358010445333296,-1.5492913384141964,0.7381095851655304,0.03952112294617872,-0.49763943121681664,-0.028161628846291243,4.25
427,1.497979394619202,17.365398856825205,-1.744732408105172,0.739681817264781,0.04315080324634773,-0.4968045621680656,-0.036376299814461804,4.26
428,1.4795627706663095,17.37280618329215,-1.9398267240116316,0.7419233559799463,0.04675872984357724,-0.49572018096117276,-0.045553522050852294,4.2700000000000005
429,1.459197370826692,17.380239937671753,-2.1344644070283105,0.7450029818918502,0.0503380289783331,-0.49433329394753006,-0.055683725931023505,4.28
430,1.436888400036996,17.38770943461244,-2.328512879176091,0.7491128674357529,0.053880503344823756,-0.4925858184716654,-0.0667540470676345,4.29
431,1.4126425111146421,17.39522603956714,-2.5218146023946746,0.7544718056837398,0.05737653723213348,-0.49041486317894456,-0.07874766630463842,4.3
432,1.3864680654054786,17.40280345577606,-2.714184863354537,0.7613296171194966,0.06081501445537633,-0.48775308793188793,-0.09164310792252951,4.3100000000000005
433,1.3583754152916885,17.410458062543906,-2.905409619470569,0.7699730768146404,0.06418325238294506,-0.4845291557438405,-0.10541350647667672,4.32
434,1.3283772078782192,17.41820932214726,-3.0952434196671463,0.7807338126963004,0.06746695576358044,-0.4806682888759992,-0.12002585533548182,4.33
435,1.2964887090603687,17.42608027793297,-3.283407408838958,0.7939987792881293,0.07065019440002371,-0.47609294043084505,-0.13544025289089917,4.34
436,1.2627281471262242,17.43409817323913,-3.4695874158947784,0.8102241315307356,0.07371540897184503,-0.4707235913096897,-0.15160916550334877,4.3500000000000005
437,1.2271170751199956,17.44229523050013,-3.6534321095887137,0.8299536419474006,0.076643449443703,-0.46447968018668073,-0.16847672940512992,4.36
438,1.189680751467225,17.450709643494935,-3.8345511807808514,0.8538432705813377,0.0794136504664315,-0.45728067110242554,-0.18597811687322463,4.37
439,1.1504485389620849,17.459386854992818,-4.0125134693483355,0.8826941876114325,0.08200394794762382,-0.4490472593376883,-0.20403899480813537,4.38
440,1.1094543233248824,17.468381219844744,-4.186844890897175,0.9174975858670197,0.08439104049431105,-0.4397027113689136,-0.2225751061981403,4.39
441,1.0667369544379142,17.477758194237015,-4.357025920205121,0.9594962037928036,0.08655059867652988,-0.42917432896042285,-0.24149200655529993,4.4
442,1.0223407165049976,17.487597252329213,-4.522488234382543,1.0102699392981311,0.08845752399856198,-0.4173950209045535,-0.26068498800684936,4.41
443,0.9763158384687894,17.497995823137394,-4.682609874287187,1.0718568320680186,0.09008625807448849,-0.40430495874897504,-0.280039223033357,4.42
444,0.9287190642373732,17.50907468205257,-4.8367078873040485,1.146927000414169,0.09141114078337409,-0.3898532853033751,-0.2994301575974727,4.43
445,0.8796143156114131,17.52098545469359,-4.9840267599752925,1.2390375753346652,0.09240681414077885,-0.37399983713940954,-0.3187241793777916,4.44
446,0.8290735027458624,17.53392125154424,-5.123719835316379,1.353014464575256,0.09304866629721056,-0.3567168351210819,-0.33777958085341575,4.45
447,0.7771775738015819,17.548132050034,-5.254818955471054,1.4955379299706126,0.0933133075078132,-0.33799049073955134,-0.35644782901792166,4.46
448,0.7240179588622949,17.56394746186775,-5.376184020057873,1.6760652700179135,0.09317906715553469,-0.3178224712545832,-0.3745751436089346,4.47
449,0.6696986759545257,17.58181132375018,-5.486417445868111,1.9083293414589002,0.09262649797731823,-0.2962311639889226,-0.392004374151904,4.48
450,0.6143395751606061,17.602335840357245,-5.58371529249909,2.2128569872132546,0.09163887047806163,-0.27325268024968313,-0.4085771532450994,4.49
451,0.558081598108672,17.626389270893142,-5.665599451745424,2.621369025642421,0.09020263687064564,-0.24894154300717417,-0.42413628996678615,4.5
452,0.5010957434015897,17.655243617341597,-5.728415463970441,3.1848141608114484,0.08830783907229565,-0.22337101062823048,-0.43852835389436845,4.51
453,0.4435991740006863,17.690834855618203,-5.766341346380232,3.988788769474434,0.08594842775149653,-0.19663300333425965,-0.45160638809343123,4.5200000000000005
454,0.3858859025500207,17.736245813554685,-5.769305738728929,5.1848210288416725,0.08312244588750607,-0.16883762335934233,-0.4632326801166423,4.53
455,0.32838936219598935,17.796655684821257,-5.718279668427589,7.057645243387965,0.07983200531421292,-0.1401123030366842,-0.47328151608241353,4.54
456,0.27182056185177367,17.881322980391978,-5.573696228046695,10.177161853663495,0.07608294801996182,-0.11060069680017234,-0.4816418491866214,4.55
457,0.21750136180075524,18.007914606001616,-5.244538241699816,15.739130617737967,0.07188411246419357,-0.0804615595019712,-0.4882198396396299,4.5600000000000005
458,0.16823091331256276,18.211478301137685,-4.50399145226426,26.107769727493356,0.0672468440184962,-0.049867572819382616,-0.49294126135946015,4.57
459,0.13042260426692615,18.553061795848,-2.830278963348633,43.21948527596304,0.06218925840208991,-0.018998759218494348,-0.4957535106154628,4.58
460,0.11626205448627473,19.057793403892433,0.19471548090911392,54.30605337439918,0.05674716906934746,0.011990707815077497,-0.4966245883247308,4.59
461,0.13369827466586187,19.549913691451472,3.1071806447489623,41.10551390876932,0.05096148771347342,0.04295544586826273,-0.4955378456185645,4.6000000000000005
462,0.17341867760996219,19.873118842473403,4.642776399771759,24.498694700368016,0.04489137629597789,0.07367635104285257,-0.4925003143463599,4.61
463,0.22363552909893594,20.064923147766233,5.3134067920119,14.811208957947448,0.03858822540204916,0.10395723113550984,-0.4875488108435491,4.62
464,0.2784390123355396,20.184720808276005,5.609728871788576,9.633888571447718,0.032083428739044115,0.13363003931486084,-0.4807428275003751,4.63
465,0.33526586012412146,20.265281082057292,5.737353980867035,6.718500386302987,0.02540865575795279,0.16253608731252198,-0.47216143482257217,4.64
466,0.39289696575933136,20.323040434020793,5.778556733919146,4.959220748262229,0.01859931740185598,0.19052744147623216,-0.46190189373578666,4.65
467,0.4506695458642781,20.366636294366735,5.769285012730072,3.830366795940194,0.01169285911010461,0.21747004152669658,-0.45007783558425546,4.66
468,0.5081749990772939,20.40092129114294,5.726947867977518,3.0684666725390746,0.004727095806769861,0.24324591019034736,-0.4368169888418983,4.67
469,0.5651332483496349,20.428796266274936,5.660829301827405,2.532690537688776,-0.002260978634470239,0.2677546297185981,-0.4222586248259127,4.68
470,0.6213355760400795,20.45208996531765,5.576339669056371,2.143136422292907,-0.009236055172229925,0.29091424132638727,-0.40655085718560235,4.69
471,0.6766164675559945,20.47200802017047,5.476904410657848,1.8520538311182375,-0.016165158770032086,0.31266163886945203,-0.38984790267668235,4.7
472,0.7308387724989461,20.489375827112976,5.364867215222947,1.6296065443586059,-0.023018139717613014,0.3329525033378271,-0.37230739418525477,4.71
473,0.7838854143847513,20.504776878059328,5.241949310963963,1.4564259763554475,-0.029768035029937412,0.35176082416074533,-0.35408782339443645,4.72
474,0.8356545087369103,20.51863515822204,5.109495122178382,1.319517741207666,-0.0363913154969383,0.36907805917516184,-0.33534617694540375,4.73
475,0.8860563389972171,20.531266171756442,4.9686091169979925,1.2099107152732855,-0.04286802947768222,0.38491199099636875,-0.31623581586517346,4.74
476,0.9350113831467868,20.542909625885965,4.820234537563658,1.121253849331083,-0.049181853491933956,0.3992853412722752,-0.29690463373309056,4.75
477,0.9824489520363217,20.553750993430555,4.665199846668165,1.0489497668483916,-0.055320059938076656,0.41223420531899485,-0.277493515119659,4.76
478,1.0283061919595986,20.563936111234554,4.5042466724506385,0.9896035123886651,-0.061273412860950074,0.42380636799706145,-0.25813510284637947,4.7700000000000005
479,1.0725273080526003,20.573581291826436,4.338046899957353,0.9406623416727491,-0.06703600314607382,0.434059557766226,-0.23895287107291244,4.78
480,1.1150629237594125,20.582780470176367,4.16721330070303,0.900174680604531,-0.07260503464030257,0.44305969015777974,-0.22006049146126314,4.79
481,1.155869525728167,20.59161034634338,3.9923062929949857,0.8666253571794191,-0.07798057244302609,0.4508791449752427,-0.20156147188352258,4.8
482,1.1949089638615351,20.600134145701535,3.8138383981473156,0.838820800838007,-0.08316526400309358,0.4575951139099021,-0.18354904137336026,4.8100000000000005
483,1.2321479886317115,20.608404408102277,3.6322773521590483,0.8158076782682305,-0.08816404275638184,0.4632880474167767,-0.16610625119362996,4.82
484,1.267557815396097,20.616465083778085,3.448048465862126,0.7968143443800297,-0.09298382292668787,0.4680402220419565,-0.14930625983144324,4.83
485,1.3011137101641663,20.624353127168835,3.2615365995442067,0.7812081452503614,-0.09763319286797738,0.47193444223932807,-0.13321276920272568,4.84
486,1.3327945941612749,20.632099722570743,3.0730879749357594,0.7684639230513982,-0.10212211302583159,0.47505288428880244,-0.11788058008013462,4.8500000000000005
487,1.3625826662766798,20.639731236946552,2.883011956111038,0.7581405643972213,-0.1064616233029491,0.4774760843712816,-0.10335623646964802,4.86
488,1.3904630434858762,20.647269968846423,2.691582872247779,0.749863412130317,-0.11066356338095967,0.4792820682352678,-0.0896787310790714,4.87
489,1.4164234198665953,20.654734744044323,2.499041917723605,0.7433110128450775,-0.11474030841629902,0.48054561621326825,-0.07688024689569418,4.88
490,1.4404537450561692,20.662141395548964,2.305599141449548,0.738205113341019,-0.11870452151809915,0.48133765457281336,-0.06498691300178898,4.89
491,1.4625459230395486,20.66950315637192,2.111435523008555,0.7343031209013097,-0.1225689235450929,0.481724762243743,-0.05401955592381698,4.9
492,1.4826935320883452,20.676830986684422,1.9167051250354117,0.7313924509853763,-0.1263460800329524,0.48176878075581564,-0.04399443089030269,4.91
493,1.5008915665430993,20.684133851997185,1.7215373073056452,0.7292863316893518,-0.13004820448124238,0.48152651464387125,-0.034923920257190405,4.92
494,1.517136200977874,20.69141896523041,1.5260389868038862,0.7278207371114166,-0.13368697678344132,0.4810495095247727,-0.026817188974223177,4.93
495,1.5314245771308235,20.698692002647697,1.330296928653296,0.7268521950241069,-0.13727337526541722,0.4803838954181122,-0.01968078926669845,4.94
496,1.5437546138410874,20.70595730135754,1.134380054528182,0.726256267249069,-0.14081752059360658,0.4795702835776203,-0.013519208673217271,4.95
497,1.5541248401101508,20.71321804427473,0.9383417575597534,0.7259265403031419,-0.1443285297134553,0.4786437060391857,-0.008335357210449548,4.96
498,1.5625342513090175,20.72047643696414,0.7422222154316059,0.7257739937945076,-0.14781437796819658,0.4776335882047505,-0.004130990744358404,4.97
499,1.568982188483232,20.727733879586754,0.546050696094271,0.7257266379299607,-0.1512817676173118,0.4765637460120428,-0.0009070686582901673,4.98
500,1.573468240665038,20.73499113618381,0.34984785312033806,0.7257293316355148,-0.1547360011137633,0.47545240054356264,0.0013359553454776085,4.99
501,1.575992170084034,20.74224850274059,0.15362801003571006,0.7257437107749195,-0.1581808577015417,0.4743122042712675,0.002597909955328059,5.0
502,1.5765538601709446,20.74950597485073,-0.04259856510361545,0.7257481728220968,-0.16161847215473862,0.473150274492466,0.0028787507832527402,5.01
503,1.575153286269588,20.756763415346736,-0.23882339214023046,0.7257378807442973,-0.1650492147916717,0.4719682308722869,0.002178472844970647,5.0200000000000005
504,1.5717905090048816,20.76402072197137,-0.43503751452660366,0.7257247651199339,-0.16847157226098966,0.47076223535923617,0.0004970910231051621,5.03
505,1.5664656902945875,20.771277995035184,-0.6312292341598158,0.725737519776927,-0.1718820290085541,0.46952303407829604,-0.002165311481948971,5.04
506,1.559179132033982,20.778535705039232,-0.8273818412956474,0.7258216025050985,-0.17527494979436414,0.46823600212805083,-0.005808466727382663,5.05
507,1.5499313375202035,20.7857948604382,-1.0234713361607828,0.7260392686543394,-0.17864246413674983,0.4668811935127062,-0.010431737693264529,5.0600000000000005
508,1.5387230957114049,20.793057176078527,-1.219464140071398,0.7264696817280106,-0.18197435411568888,0.4654333997233243,-0.01603386622640054,5.07
509,1.5255555884297884,20.80032524336837,-1.4153147955429057,0.7272091616229294,-0.18525794756527608,0.4638622217391298,-0.02261265369521692,5.08
510,1.5104305206126214,20.807602703928126,-1.610963656978726,0.7283716484052445,-0.18847801932344338,0.4621321614379148,-0.03016457519397154,5.09
511,1.4933502736875868,20.814894429340203,-1.8063345759708906,0.7300894782429297,-0.19161670387663104,0.4602027395670842,-0.038684328744414895,5.1000000000000005
512,1.474318082095312,20.8222067106865,-2.0013325879163917,0.7325145895946745,-0.1946534234269374,0.45802864850798913,-0.04816432179651628,5.11
513,1.4533382329012947,20.829547462868387,-2.1958416093946695,0.7358203038344608,-0.19756483610330908,0.45555994903066055,-0.05859409846268346,5.12
514,1.4304162883318055,20.836926450302972,-2.3897221583520625,0.7402038578190696,-0.2003248097130835,0.45274232103888995,-0.0699597123617272,5.13
515,1.4055593309366297,20.844355542574455,-2.582809111310421,0.7458899102155441,-0.20290442705818668,0.4495173788897936,-0.08224305172012239,5.14
516,1.3787762309317644,20.85184901112134,-2.7749095131617088,0.7531353039607033,-0.20527202938366146,0.445823062170991,-0.0954211254869378,5.15
517,1.3500779351183052,20.859423881259456,-2.9658004550739965,0.7622354515106724,-0.20739330494232072,0.44159411275488636,-0.10946532165634136,5.16
518,1.3194777766272285,20.867100358062583,-3.1552270338344663,0.7735328283505706,-0.2092314298962537,0.4367626484390641,-0.12434065172767735,5.17
519,1.2869918046304232,20.874902350267355,-3.3429004004734555,0.7874282294035195,-0.21074726877687422,0.4312588424356364,-0.14000499821135973,5.18
520,1.2526391331265407,20.88285812404873,-3.5284958956269694,0.8043956861303309,-0.211899641427929,0.4250117163031935,-0.156408385221921,5.19
521,1.2164423080161395,20.89100112913264,-3.7116512514069475,0.8250022951419805,-0.21264566269691468,0.4179500515433108,-0.17349229536533853,5.2
522,1.178427692013911,20.899371054627643,-3.8919648109498497,0.8499347275748325,-0.21294116005864386,0.41000342194654177,-0.19118905916658782,5.21
523,1.138625867641152,20.90801519322085,-4.068993671749819,0.8800349597405004,-0.21274117279583632,0.40110334483513127,-0.2094213459977801,5.22
524,1.097072059803795,20.916990223167115,-4.242251588596894,0.9163489299607648,-0.21200053428689436,0.39118454461356783,-0.22810178762461927,5.23
525,1.053806581607009,20.92636456277574,-4.411206362280011,0.9601936136309884,-0.210674536339193,0.38018631655829693,-0.24713276682807664,5.24
526,1.0088753105868464,20.936221519837385,-4.575276267694023,1.0132508021090891,-0.20871967136872252,0.36805397266928247,-0.26640640380083125,5.25
527,0.9623302082620877,20.946663561655118,-4.73382479956343,1.0777003268450887,-0.20609444460663262,0.3547403448579693,-0.28580477188516756,5.26
528,0.9142299051695538,20.957818191833113,-4.886152565414152,1.156412737143827,-0.20276024449686733,0.3402073140255476,-0.30520037145307183,5.2700000000000005
529,0.8646403886424207,20.969846175084157,-5.031484406725861,1.2532335852829648,-0.19868225516648097,0.32442732704121896,-0.32445688612025375,5.28
530,0.8136358555754492,20.982953266847332,-5.168948543480872,1.3734123263833444,-0.19383039047377962,0.30738485768898566,-0.3434302389020282,5.29
531,0.7612998346811796,20.997407299908474,-5.297542257030318,1.524265730147307,-0.1881802248748823,0.2890777628094817,-0.3619699573377655,5.3
532,0.7077267562391889,21.013563679561486,-5.416074433413672,1.7162331508792381,-0.18171389241614486,0.2695184816745291,-0.3799208461493397,5.3100000000000005
533,0.6530242795368028,21.031904478026895,-5.523067263513622,1.9646089363278285,-0.17442092175356613,0.24873502570434475,-0.39712495394081615,5.32
534,0.5973169355337065,21.05310028054562,-5.6165833263806775,2.2924900170489786,-0.16629897232723093,0.22677170765410584,-0.41342380726144407,5.33
535,0.540752126625391,21.078111588171424,-5.6939104329337775,2.735999207778433,-0.15735443457407844,0.20368956522075185,-0.42866087171568756,5.34
536,0.48351052494099284,21.108362076451243,-5.75096110281884,3.3539798049973086,-0.14760285481851468,0.17956644499639587,-0.4426841866170293,5.3500000000000005
537,0.42582510165234716,21.14604905165879,-5.781063818543886,4.246957230991833,-0.13706914191067887,0.15449673146618342,-0.4553491081600316,5.36
538,0.3680181658894714,21.194730917584806,-5.7723629646688215,5.596440473005416,-0.12578750525491622,0.1285907382863123,-0.4665210880000234,5.37
539,0.31057885666384655,21.260508392469855,-5.701768749909203,7.751379319762633,-0.11380106007968242,0.1019738388969116,-0.47607841255970346,5.38
540,0.25433955374855105,21.35454877363198,-5.519588113524083,11.427022873079409,-0.10116102844397193,0.07478552235640802,-0.4839148395844429,5.39
541,0.20091589798302067,21.49867107772906,-5.107291270425162,18.14364479235968,-0.08792559651270207,0.04717865204282423,-0.48994210297677787,5.4
542,0.153875120030736,21.73631874547593,-4.163847216070645,30.71743683908263,-0.07415949134606871,0.019318031794705915,-0.49409228236319486,5.41
543,0.12140999312154697,22.134204362151724,-2.0637006545233962,49.1390585672273,-0.05993738890122055,-0.008633364664602284,-0.4963194278146603,5.42
544,0.1167435405366177,22.66966750992397,1.2186516477040354,53.11759661407718,-0.045339453996128494,-0.036553335241126875,-0.4965966044931064,5.43
545,0.14277442861441106,23.119539444664756,3.747351447025696,35.56419326111752,-0.030458180763549274,-0.06429541291696947,-0.49491251661522095,5.44
546,0.1869945333436141,23.395268613710204,4.938558794554559,20.8037828066009,-0.01542148038295283,-0.09166515155366518,-0.4912837041195665,5.45
547,0.23927786214568195,23.559203302226184,5.451584853403214,12.785240339692871,-0.0003248806987237138,-0.11850011694739634,-0.4857546878167878,5.46
548,0.29506803107967056,23.663589489753363,5.677132450230089,8.484607053880211,0.014753938212136039,-0.1446519956357235,-0.47839118038048645,5.47
549,0.3523737223822049,23.735135139780304,5.769127366895387,6.0202272561008146,0.029737101350647194,-0.16998178086880794,-0.46927806146881607,5.48
550,0.4102130896970243,23.78724877993266,5.789981814911129,4.50668611277303,0.04454700287160291,-0.19436273119685965,-0.4585179312271819,5.49
551,0.4680310649103185,23.82708946376797,5.767707846158381,3.520727704925918,0.05910902916049615,-0.21768253216051886,-0.44622913157243366,5.5
552,0.5254730805178099,23.85874894606132,5.7162524840286615,2.8469148126607955,0.07335360813165188,-0.23984471073846594,-0.4325433653460074,5.51
553,0.5822887721558053,23.88471132428308,5.643254147212141,2.368205209829375,0.08721762245746459,-0.2607695432060714,-0.41760307909420885,5.5200000000000005
554,0.6382871795298447,23.906563581202267,5.55328057518528,2.0172000014124882,0.10064538094496796,-0.28039452542175364,-0.40155873469263725,5.53
555,0.6933142440040159,23.925363891205837,5.449297539939559,1.7530926085011893,0.11358925755834558,-0.2986744331269914,-0.38456607177910823,5.54
556,0.7472407459225738,23.94184375589467,5.33338383793894,1.5500955855023106,0.12601005599608137,-0.3155810009861358,-0.36678344783325895,5.55
557,0.7999554614527986,23.95652462562016,5.207100319289764,1.3913033543875588,0.13787713628783763,-0.33110225863505544,-0.3483693293271236,5.5600000000000005
558,0.8513610731535055,23.96978815935619,5.0716896284879995,1.2652762192531073,0.14916833273724997,-0.3452415709247286,-0.3294799936472845,5.57
559,0.9013715976819419,23.98192016994726,4.928188501662416,1.1640565466231187,0.1598696911321379,-0.35801643566430535,-0.3102674872614614,5.58
560,0.9499106785052208,23.99313902075135,4.777492809607281,1.0819729125698139,0.16997505353548986,-0.36945709514670916,-0.2908778713160608,5.59
561,0.9969103851140234,24.00361450493001,4.620396107073083,1.014895177675385,0.17948551942844612,-0.37960501779468164,-0.27144977211373805,5.6000000000000005
562,1.0423103149883444,24.013480714907484,4.45761289498057,0.9597567754647315,0.18840881179619706,-0.3885113038222577,-0.25211324130214696,5.61
563,1.0860568795720855,24.022845010678047,4.289792878986739,0.9142403438960677,0.19675857571710137,-0.3962350643822812,-0.2329889195557315,5.62
564,1.1281027038933749,24.031794392764716,4.117529862563984,0.8765660205012499,0.20455363516256028,-0.4028418178106104,-0.21418748834800125,5.63
565,1.1684060978292046,24.040400110207692,3.9413674372442538,0.8453458986135577,0.21181723118643922,-0.4084019398135258,-0.19580938723426872,5.64
566,1.2069305740357106,24.04872104443919,3.761802781612407,0.8194820991413417,0.21857626167252964,-0.4129891972622426,-0.17794476889740343,5.65
567,1.2436443979571534,24.05680622908485,3.57928937493915,0.7980941971714022,0.22486053952056348,-0.4166793880746498,-0.1606736609412273,5.66
568,1.278520161730783,24.06469675020035,3.3942391230309634,0.7804667862310829,0.2307020827756469,-0.41954910281573043,-0.14406630185263394,5.67
569,1.3115343777527504,24.072427196088636,3.2070242018496087,0.7660111045613873,0.23613444690469526,-0.4216746173857522,-0.12818361844476522,5.68
570,1.342667090076666,24.080026775743587,3.0179788029038503,0.7542366456978786,0.24119210632493168,-0.42313092065811286,-0.1130778131622673,5.69
571,1.3719015032416306,24.087520191077385,2.8274008867004667,0.7447299705107482,0.24590988948704826,-0.42399087627078663,-0.09879303159432962,5.7
572,1.3992236289236857,24.094928324788835,2.6355540007332787,0.7371387914504541,0.2503224693678493,-0.424324513998468,-0.08536608313344408,5.71
573,1.4246219511998621,24.102268789462904,2.4426691868081827,0.7311599710902779,0.2544639091648626,-0.424198443217208,-0.07282719069574009,5.72
574,1.4480871113560774,24.10955637196011,2.2489469827876025,0.7265304646730425,0.25836726131289134,-0.42367537886411244,-0.061200748574073024,5.73
575,1.4696116131572758,24.116803398855705,2.0545595121118954,0.7230205024670815,0.2620642166473576,-0.4228137689098574,-0.05050607065738269,5.74
576,1.489189549396581,24.124020042618188,1.859652648091388,0.720428492323387,0.26558479959369025,-0.4216675116066974,-0.04075811428654579,5.75
577,1.5068163503939742,24.13121458370089,1.6643482371906444,0.7185772520952485,0.26895710463153705,-0.4202857505480356,-0.031968167831373434,5.76
578,1.5224885549536504,24.138393640296627,1.468746365131292,0.7173112729921018,0.27220706892683977,-0.41871273577871676,-0.02414449260102972,5.7700000000000005
579,1.5362036041321685,24.14556237485891,1.2729276507747418,0.7164947803360898,0.27535827590370854,-0.41698773973489617,-0.017292911904002378,5.78
580,1.5479596580287536,24.15272468440611,1.0769555548132588,0.7160104057478046,0.2784317846023739,-0.4151450175856224,-0.011417341939809336,5.79
581,1.5577554356919368,24.15988337994982,0.8808786928696102,0.7157583202343902,0.2814459799039251,-0.413213802523398,-0.006520260736629068,5.8
582,1.5655900781463719,24.167040359024213,0.6847331453731246,0.7156557050437015,0.284416439065671,-0.4112183276486825,-0.002603112564653342,5.8100000000000005
583,1.571463034481083,24.17419677417625,0.4885447593176679,0.715636459362004,0.2873558104775828,-0.4091778672655735,0.00033335381839724097,5.82
584,1.5753739709042571,24.18135319936329,0.29233143954885116,0.715651062995463,0.29027370109869294,-0.407106791616967,0.0022888140610441343,5.83
585,1.5773227026575503,24.188509795473653,0.09610542945067156,0.7156665294748435,0.2931765696479943,-0.40501463030999646,0.0032631647662324185,5.84
586,1.5773091486909245,24.19566647562148,-0.10012441728477997,0.7156664014592888,0.29606762329497743,-0.4029061408990096,0.003256387926947511,5.8500000000000005
587,1.5753333090229786,24.202823070466813,-0.2963503707820748,0.7156507564196316,0.29894671631426817,-0.400781380291414,0.002268483331533627,5.86
588,1.5713952647464258,24.209979493570856,-0.492563561159129,0.7156362066142955,0.30181024993159894,-0.3986357778155005,0.00029946895785999016,5.87
589,1.5654952006786755,24.217135906715946,-0.6887517126376062,0.7156558934121554,0.3046510733928304,-0.3964602099352228,-0.0026505506438014867,5.88
590,1.5576334506977043,24.224292885200864,-0.8848968717459886,0.7157594920580256,0.30745838713312823,-0.3942410777129566,-0.006581247998816036,5.89
591,1.5478105658381993,24.23145158336147,-1.0809731265958293,0.7160132590092168,0.31021764980725774,-0.3919603892067685,-0.011491868470364737,5.9
592,1.5360274052469156,24.238613900968964,-1.2769443155520153,0.7165001700772141,0.31291049186355707,-0.38959585003927594,-0.017380958370607675,5.91
593,1.5222852501042956,24.245782651720717,-1.4727617254328857,0.7173202140479209,0.3155146392967603,-0.3871209663859633,-0.02424602593896767,5.92
594,1.5065859406073707,24.252961735770867,-1.6683617816004317,0.7185909237595163,0.31800385219108784,-0.3845051655901949,-0.0320831361634982,5.93
595,1.4889320360728848,24.26015631915999,-1.8636637348442913,0.7204482456917136,0.32034788364980177,-0.3817139405047396,-0.04088644109527269,5.94
596,1.4693269981570753,24.267373024121266,-2.0585673527026254,0.7230478713541477,0.32251246568104125,-0.37870902446158533,-0.050647648234538094,5.95
597,1.4477753970982947,24.274620135603644,-2.252950625632423,0.7265671811839494,0.3244593295428037,-0.3754486044530844,-0.061355430785429065,5.96
598,1.4242831407714702,24.28190783102818,-2.4466675010157983,0.7312079871572065,0.32614626890595844,-0.37188758062800903,-0.07299478511077556,5.97
599,1.3988577262026582,24.289248442379957,-2.639545660058518,0.7372003079472458,0.32752725492506346,-0.3679778805188675,-0.08554634258748031,5.98
600,1.3715085130347853,24.296656762383694,-2.8313843537755305,0.7448074759603589,0.32855261285539633,-0.363668836465821,-0.09898564526984718,5.99
